duration,joint_1,joint_2,joint_3,joint_4,joint_5,joint_6,joint_7,K_pos_1,K_pos_2,K_pos_3,K_pos_4,K_pos_5,K_pos_6,K_pos_7,K_vel_1,K_vel_2,K_vel_3,K_vel_4,K_vel_5,K_vel_6,K_vel_7
2.0,-6.4062,-36.7505,27.8694,-108.7541,-13.1888,1.7519,1.1411,4930.1,4930.1,4930.1,1883.81,649.719,1252.82,972.553,8.21683,8.21683,8.21683,3.13969,1.08287,2.08804,1.62092
5.0,-6.4062,-36.7505,27.8694,-108.7541,-13.1888,1.7519,1.1411,0,0,0,0,0,0,0,0,0,0,0,0,0,0
-1,오른팔 target pose 도달 + 5s 유지 (full PD gain)

1.0,-6.4062,-36.7505,27.8694,-108.7541,-13.1888,1.7519,1.1411
-1,오른팔 kp=kd=0 (gravcomp 단독 30s 유지 시험)
