duration,joint_1,joint_2,joint_3,joint_4,joint_5,joint_6,joint_7,K_pos_1,K_pos_2,K_pos_3,K_pos_4,K_pos_5,K_pos_6,K_pos_7,K_vel_1,K_vel_2,K_vel_3,K_vel_4,K_vel_5,K_vel_6,K_vel_7
2.0,-6.4062,36.7505,-27.8694,-108.7541,13.1888,1.7519,1.1411,4930.1,4930.1,4930.1,1883.81,649.719,636.787,442.774,8.21683,8.21683,8.21683,3.13969,1.08287,2.12262,1.47591
6.0,-6.4062,36.7505,-27.8694,-108.7541,13.1888,1.7519,1.1411
-1,왼팔 거울대칭 자세 유지 (gain 변경 없음, PD 정상 동작 reference)
